{
    "coef": [
        -47273.91964000851,
        17777.22074644954,
        1330.1021030641134,
        27423.322700684494,
        9855.6728032558,
        129602.80206051632,
        84574.13866428312,
        0.8243430497896043
    ],
    "intercept": -238320.6786004873
}